id,inst,instrument_de,instrument_fr,instrument_en,respondant_de,respondant_fr,respondant_en,type_de,type_fr,type_en,pct,plot,"label_de","label_fr","label_en"
IPf_Nachhaltigkeit_3,Förderung für Schweizer Innovationsprojekte,Innovationsprojekte mit Umsetzungspartner,Projets d'innovation avec PdM,Innovation projects with IP,Unternehmen,entreprises,companies,ökologische Nachhaltigkeit,durabilité environnementale,environmental sustainability,43,nachhaltig,"Anteil der Innovationsvorhaben, die zur ökologischen oder sozialen Nachhaltigkeit beitragen in %","Part des projets d'innovation contribuant à la durabilité environnementale ou sociale en %.","Share of innovation projects that contribute to environmental or social sustainability in %."
IPf_Nachhaltigkeit_5,Förderung für Schweizer Innovationsprojekte,Innovationsprojekte mit Umsetzungspartner,Projets d'innovation avec PdM,Innovation projects with IP,Unternehmen,entreprises,companies,soziale Nachhaltigkeit,durabilité sociale,social sustainability,29,nachhaltig,"Anteil der Innovationsvorhaben, die zur ökologischen oder sozialen Nachhaltigkeit beitragen in %","Part des projets d'innovation contribuant à la durabilité environnementale ou sociale en %.","Share of innovation projects that contribute to environmental or social sustainability in %."
IPf_AusmassDigital_5,Förderung für Schweizer Innovationsprojekte,Innovationsprojekte mit Umsetzungspartner,Projets d'innovation avec PdM,Innovation projects with IP,Unternehmen,entreprises,companies,Digitale Geschäftsmodelle,modèles d'entreprise numériques,digital business models,28,digital,"Anteil der Innovationsvorhaben, die auf neuen digitalen Technologien oder Geschäftsmodellen basieren in %","Part des projets d'innovation basés sur de nouvelles technologies numériques ou de nouveaux modèles d'entreprise, en %.","Share of innovation projects based on new digital technologies or business models in %"
IPf_AusmassDigital_3,Förderung für Schweizer Innovationsprojekte,Innovationsprojekte mit Umsetzungspartner,Projets d'innovation avec PdM,Innovation projects with IP,Unternehmen,entreprises,companies,Digitale Technologien,technologies numériques,digital technologies,46,digital,"Anteil der Innovationsvorhaben, die auf neuen digitalen Technologien oder Geschäftsmodellen basieren in %","Part des projets d'innovation basés sur de nouvelles technologies numériques ou de nouveaux modèles d'entreprise, en %.","Share of innovation projects based on new digital technologies or business models in %"
IPf_Nachhaltigkeit_4,Förderung für Schweizer Innovationsprojekte,Innovationsprojekte mit Umsetzungspartner,Projets d'innovation avec PdM,Innovation projects with IP,Forschende,chercheurs,researchers,ökologische Nachhaltigkeit,durabilité environnementale,environmental sustainability,48,nachhaltig,"Anteil der Innovationsvorhaben, die zur ökologischen oder sozialen Nachhaltigkeit beitragen in %","Part des projets d'innovation contribuant à la durabilité environnementale ou sociale en %.","Share of innovation projects that contribute to environmental or social sustainability in %."
IPf_Nachhaltigkeit_6,Förderung für Schweizer Innovationsprojekte,Innovationsprojekte mit Umsetzungspartner,Projets d'innovation avec PdM,Innovation projects with IP,Forschende,chercheurs,researchers,soziale Nachhaltigkeit,durabilité sociale,social sustainability,34,nachhaltig,"Anteil der Innovationsvorhaben, die zur ökologischen oder sozialen Nachhaltigkeit beitragen in %","Part des projets d'innovation contribuant à la durabilité environnementale ou sociale en %.","Share of innovation projects that contribute to environmental or social sustainability in %."
IPf_AusmassDigital_6,Förderung für Schweizer Innovationsprojekte,Innovationsprojekte mit Umsetzungspartner,Projets d'innovation avec PdM,Innovation projects with IP,Forschende,chercheurs,researchers,Digitale Geschäftsmodelle,modèles d'entreprise numériques,digital business models,32,digital,"Anteil der Innovationsvorhaben, die auf neuen digitalen Technologien oder Geschäftsmodellen basieren in %","Part des projets d'innovation basés sur de nouvelles technologies numériques ou de nouveaux modèles d'entreprise, en %.","Share of innovation projects based on new digital technologies or business models in %"
IPf_AusmassDigital_4,Förderung für Schweizer Innovationsprojekte,Innovationsprojekte mit Umsetzungspartner,Projets d'innovation avec PdM,Innovation projects with IP,Forschende,chercheurs,researchers,Digitale Technologien,technologies numériques,digital technologies,51,digital,"Anteil der Innovationsvorhaben, die auf neuen digitalen Technologien oder Geschäftsmodellen basieren in %","Part des projets d'innovation basés sur de nouvelles technologies numériques ou de nouveaux modèles d'entreprise, en %.","Share of innovation projects based on new digital technologies or business models in %"
IPf_AusmassDigital_1,Förderung für Schweizer Innovationsprojekte,Innovationsprojekte mit Umsetzungspartner,Projets d'innovation avec PdM,Innovation projects with IP,Unternehmen,entreprises,companies,Digitalisierung,numérisation,digitisation,50,digital,"Anteil der Innovationsvorhaben, die auf neuen digitalen Technologien oder Geschäftsmodellen basieren in %","Part des projets d'innovation basés sur de nouvelles technologies numériques ou de nouveaux modèles d'entreprise, en %.","Share of innovation projects based on new digital technologies or business models in %"
IPf_Nachhaltigkeit_1,Förderung für Schweizer Innovationsprojekte,Innovationsprojekte mit Umsetzungspartner,Projets d'innovation avec PdM,Innovation projects with IP,Unternehmen,entreprises,companies,Nachhaltigkeit,durabilité,sustainability,56,nachhaltig,"Anteil der Innovationsvorhaben, die zur ökologischen oder sozialen Nachhaltigkeit beitragen in %","Part des projets d'innovation contribuant à la durabilité environnementale ou sociale en %.","Share of innovation projects that contribute to environmental or social sustainability in %."
IPf_AusmassDigital_2,Förderung für Schweizer Innovationsprojekte,Innovationsprojekte mit Umsetzungspartner,Projets d'innovation avec PdM,Innovation projects with IP,Forschende,chercheurs,researchers,Digitalisierung,numérisation,digitisation,56,digital,"Anteil der Innovationsvorhaben, die auf neuen digitalen Technologien oder Geschäftsmodellen basieren in %","Part des projets d'innovation basés sur de nouvelles technologies numériques ou de nouveaux modèles d'entreprise, en %.","Share of innovation projects based on new digital technologies or business models in %"
IPf_Nachhaltigkeit_2,Förderung für Schweizer Innovationsprojekte,Innovationsprojekte mit Umsetzungspartner,Projets d'innovation avec PdM,Innovation projects with IP,Forschende,chercheurs,researchers,Nachhaltigkeit,durabilité,sustainability,64,nachhaltig,"Anteil der Innovationsvorhaben, die zur ökologischen oder sozialen Nachhaltigkeit beitragen in %","Part des projets d'innovation contribuant à la durabilité environnementale ou sociale en %.","Share of innovation projects that contribute to environmental or social sustainability in %."
ISf_Nachhaltigkeit_2,Förderung für Schweizer Innovationsprojekte,Innovationsscheck,Chèque d'innovation,Innovation cheque,KMU,PME,SME,ökologische Nachhaltigkeit,durabilité environnementale,environmental sustainability,56,nachhaltig,"Anteil der Innovationsvorhaben, die zur ökologischen oder sozialen Nachhaltigkeit beitragen in %","Part des projets d'innovation contribuant à la durabilité environnementale ou sociale en %.","Share of innovation projects that contribute to environmental or social sustainability in %."
ISf_Nachhaltigkeit_3,Förderung für Schweizer Innovationsprojekte,Innovationsscheck,Chèque d'innovation,Innovation cheque,KMU,PME,SME,soziale Nachhaltigkeit,durabilité sociale,social sustainability,42,nachhaltig,"Anteil der Innovationsvorhaben, die zur ökologischen oder sozialen Nachhaltigkeit beitragen in %","Part des projets d'innovation contribuant à la durabilité environnementale ou sociale en %.","Share of innovation projects that contribute to environmental or social sustainability in %."
ISf_AusmassDigital_3,Förderung für Schweizer Innovationsprojekte,Innovationsscheck,Chèque d'innovation,Innovation cheque,KMU,PME,SME,Digitale Geschäftsmodelle,modèles d'entreprise numériques,digital business models,34,digital,"Anteil der Innovationsvorhaben, die auf neuen digitalen Technologien oder Geschäftsmodellen basieren in %","Part des projets d'innovation basés sur de nouvelles technologies numériques ou de nouveaux modèles d'entreprise, en %.","Share of innovation projects based on new digital technologies or business models in %"
ISf_AusmassDigital_2,Förderung für Schweizer Innovationsprojekte,Innovationsscheck,Chèque d'innovation,Innovation cheque,KMU,PME,SME,Digitale Technologien,technologies numériques,digital technologies,46,digital,"Anteil der Innovationsvorhaben, die auf neuen digitalen Technologien oder Geschäftsmodellen basieren in %","Part des projets d'innovation basés sur de nouvelles technologies numériques ou de nouveaux modèles d'entreprise, en %.","Share of innovation projects based on new digital technologies or business models in %"
ISf_AusmassDigital_1,Förderung für Schweizer Innovationsprojekte,Innovationsscheck,Chèque d'innovation,Innovation cheque,KMU,PME,SME,Digitalisierung,numérisation,digitisation,53,digital,"Anteil der Innovationsvorhaben, die auf neuen digitalen Technologien oder Geschäftsmodellen basieren in %","Part des projets d'innovation basés sur de nouvelles technologies numériques ou de nouveaux modèles d'entreprise, en %.","Share of innovation projects based on new digital technologies or business models in %"
ISf_Nachhaltigkeit_1,Förderung für Schweizer Innovationsprojekte,Innovationsscheck,Chèque d'innovation,Innovation cheque,KMU,PME,SME,Nachhaltigkeit,durabilité,sustainability,72,nachhaltig,"Anteil der Innovationsvorhaben, die zur ökologischen oder sozialen Nachhaltigkeit beitragen in %","Part des projets d'innovation contribuant à la durabilité environnementale ou sociale en %.","Share of innovation projects that contribute to environmental or social sustainability in %."
RPf_Nachhaltigkeit_2,Förderung für Schweizer Innovationsprojekte,Innovationsprojekte ohne Umsetzungspartner,Projets d'innovation sans PdM,Innovation projects without IP,Forschende,chercheurs,researchers,ökologische Nachhaltigkeit,durabilité environnementale,environmental sustainability,36,nachhaltig,"Anteil der Innovationsvorhaben, die zur ökologischen oder sozialen Nachhaltigkeit beitragen in %","Part des projets d'innovation contribuant à la durabilité environnementale ou sociale en %.","Share of innovation projects that contribute to environmental or social sustainability in %."
RPf_Nachhaltigkeit_3,Förderung für Schweizer Innovationsprojekte,Innovationsprojekte ohne Umsetzungspartner,Projets d'innovation sans PdM,Innovation projects without IP,Forschende,chercheurs,researchers,soziale Nachhaltigkeit,durabilité sociale,social sustainability,42,nachhaltig,"Anteil der Innovationsvorhaben, die zur ökologischen oder sozialen Nachhaltigkeit beitragen in %","Part des projets d'innovation contribuant à la durabilité environnementale ou sociale en %.","Share of innovation projects that contribute to environmental or social sustainability in %."
RPf_AusmassDigital_3,Förderung für Schweizer Innovationsprojekte,Innovationsprojekte ohne Umsetzungspartner,Projets d'innovation sans PdM,Innovation projects without IP,Forschende,chercheurs,researchers,Digitale Geschäftsmodelle,modèles d'entreprise numériques,digital business models,23,digital,"Anteil der Innovationsvorhaben, die auf neuen digitalen Technologien oder Geschäftsmodellen basieren in %","Part des projets d'innovation basés sur de nouvelles technologies numériques ou de nouveaux modèles d'entreprise, en %.","Share of innovation projects based on new digital technologies or business models in %"
RPf_AusmassDigital_2,Förderung für Schweizer Innovationsprojekte,Innovationsprojekte ohne Umsetzungspartner,Projets d'innovation sans PdM,Innovation projects without IP,Forschende,chercheurs,researchers,Digitale Technologien,technologies numériques,digital technologies,34,digital,"Anteil der Innovationsvorhaben, die auf neuen digitalen Technologien oder Geschäftsmodellen basieren in %","Part des projets d'innovation basés sur de nouvelles technologies numériques ou de nouveaux modèles d'entreprise, en %.","Share of innovation projects based on new digital technologies or business models in %"
RPf_AusmassDigital_1,Förderung für Schweizer Innovationsprojekte,Innovationsprojekte ohne Umsetzungspartner,Projets d'innovation sans PdM,Innovation projects without IP,Forschende,chercheurs,researchers,Digitalisierung,numérisation,digitisation,39,digital,"Anteil der Innovationsvorhaben, die auf neuen digitalen Technologien oder Geschäftsmodellen basieren in %","Part des projets d'innovation basés sur de nouvelles technologies numériques ou de nouveaux modèles d'entreprise, en %.","Share of innovation projects based on new digital technologies or business models in %"
RPf_Nachhaltigkeit_1,Förderung für Schweizer Innovationsprojekte,Innovationsprojekte ohne Umsetzungspartner,Projets d'innovation sans PdM,Innovation projects without IP,Forschende,chercheurs,researchers,Nachhaltigkeit,durabilité,sustainability,64,nachhaltig,"Anteil der Innovationsvorhaben, die zur ökologischen oder sozialen Nachhaltigkeit beitragen in %","Part des projets d'innovation contribuant à la durabilité environnementale ou sociale en %.","Share of innovation projects that contribute to environmental or social sustainability in %."
CCf_Nachhaltigkeit_2,Begleitung von Start-ups,Start-up Core Coaching,Start-up Core Coaching,Start-up Core Coaching,Start-up,start-up,start-up,ökologische Nachhaltigkeit,durabilité environnementale,environmental sustainability,53,nachhaltig,"Anteil der Innovationsvorhaben, die zur ökologischen oder sozialen Nachhaltigkeit beitragen in %","Part des projets d'innovation contribuant à la durabilité environnementale ou sociale en %.","Share of innovation projects that contribute to environmental or social sustainability in %."
CCf_Nachhaltigkeit_3,Begleitung von Start-ups,Start-up Core Coaching,Start-up Core Coaching,Start-up Core Coaching,Start-up,start-up,start-up,soziale Nachhaltigkeit,durabilité sociale,social sustainability,55,nachhaltig,"Anteil der Innovationsvorhaben, die zur ökologischen oder sozialen Nachhaltigkeit beitragen in %","Part des projets d'innovation contribuant à la durabilité environnementale ou sociale en %.","Share of innovation projects that contribute to environmental or social sustainability in %."
CCf_AusmassDigital_3,Begleitung von Start-ups,Start-up Core Coaching,Start-up Core Coaching,Start-up Core Coaching,Start-up,start-up,start-up,Digitale Geschäftsmodelle,modèles d'entreprise numériques,digital business models,48,digital,"Anteil der Innovationsvorhaben, die auf neuen digitalen Technologien oder Geschäftsmodellen basieren in %","Part des projets d'innovation basés sur de nouvelles technologies numériques ou de nouveaux modèles d'entreprise, en %.","Share of innovation projects based on new digital technologies or business models in %"
CCf_AusmassDigital_2,Begleitung von Start-ups,Start-up Core Coaching,Start-up Core Coaching,Start-up Core Coaching,Start-up,start-up,start-up,Digitale Technologien,technologies numériques,digital technologies,59,digital,"Anteil der Innovationsvorhaben, die auf neuen digitalen Technologien oder Geschäftsmodellen basieren in %","Part des projets d'innovation basés sur de nouvelles technologies numériques ou de nouveaux modèles d'entreprise, en %.","Share of innovation projects based on new digital technologies or business models in %"
CCf_AusmassDigital_1,Begleitung von Start-ups,Start-up Core Coaching,Start-up Core Coaching,Start-up Core Coaching,Start-up,start-up,start-up,Digitalisierung,numérisation,digitisation,63,digital,"Anteil der Innovationsvorhaben, die auf neuen digitalen Technologien oder Geschäftsmodellen basieren in %","Part des projets d'innovation basés sur de nouvelles technologies numériques ou de nouveaux modèles d'entreprise, en %.","Share of innovation projects based on new digital technologies or business models in %"
CCf_Nachhaltigkeit_1,Begleitung von Start-ups,Start-up Core Coaching,Start-up Core Coaching,Start-up Core Coaching,Start-up,start-up,start-up,Nachhaltigkeit,durabilité,sustainability,67,nachhaltig,"Anteil der Innovationsvorhaben, die zur ökologischen oder sozialen Nachhaltigkeit beitragen in %","Part des projets d'innovation contribuant à la durabilité environnementale ou sociale en %.","Share of innovation projects that contribute to environmental or social sustainability in %."
IPf_InnoArt_3,Förderung für Schweizer Innovationsprojekte,Innovationsprojekte ohne Umsetzungspartner,Projets d'innovation sans PdM,Innovation projects without IP,,,,Dienstleistungsinnovation,innovation en matière de services,service innovation,23,type_1,"Anteil der Innovationsvorhaben, die folgende Innovationsarten verfolgen in %","Part des projets d'innovation qui suivent les types d'innovation suivants, en %.","Share of innovation projects that pursue the following types of innovation in %"
IPf_InnoArt_4,Förderung für Schweizer Innovationsprojekte,Innovationsprojekte ohne Umsetzungspartner,Projets d'innovation sans PdM,Innovation projects without IP,,,,Geschäftsmodellinnovation,innovation de modèle d'entreprise,business model innovation,8,type_1,"Anteil der Innovationsvorhaben, die folgende Innovationsarten verfolgen in %","Part des projets d'innovation qui suivent les types d'innovation suivants, en %.","Share of innovation projects that pursue the following types of innovation in %"
IPf_InnoArt_1,Förderung für Schweizer Innovationsprojekte,Innovationsprojekte ohne Umsetzungspartner,Projets d'innovation sans PdM,Innovation projects without IP,,,,Produktinnovation,innovation de produit,product innovation,72,type_1,"Anteil der Innovationsvorhaben, die folgende Innovationsarten verfolgen in %","Part des projets d'innovation qui suivent les types d'innovation suivants, en %.","Share of innovation projects that pursue the following types of innovation in %"
IPf_InnoArt_2,Förderung für Schweizer Innovationsprojekte,Innovationsprojekte ohne Umsetzungspartner,Projets d'innovation sans PdM,Innovation projects without IP,,,,Prozessinnovation,innovation de processus,process innovation,35,type_2,"","",""
IPf_InnoArt_5,Förderung für Schweizer Innovationsprojekte,Innovationsprojekte ohne Umsetzungspartner,Projets d'innovation sans PdM,Innovation projects without IP,,,,Soziale Innovation,innovation sociale,social innovation,8,type_2,"","",""
ISf_InnoArt_3,Förderung für Schweizer Innovationsprojekte,Innovationsscheck,Chèque d'innovation,Innovation cheque,,,,Dienstleistungsinnovation,innovation en matière de services,service innovation,30,type_1,"Anteil der Innovationsvorhaben, die folgende Innovationsarten verfolgen in %","Part des projets d'innovation qui suivent les types d'innovation suivants, en %.","Share of innovation projects that pursue the following types of innovation in %"
ISf_InnoArt_4,Förderung für Schweizer Innovationsprojekte,Innovationsscheck,Chèque d'innovation,Innovation cheque,,,,Geschäftsmodellinnovation,innovation de modèle d'entreprise,business model innovation,17,type_1,"Anteil der Innovationsvorhaben, die folgende Innovationsarten verfolgen in %","Part des projets d'innovation qui suivent les types d'innovation suivants, en %.","Share of innovation projects that pursue the following types of innovation in %"
ISf_InnoArt_1,Förderung für Schweizer Innovationsprojekte,Innovationsscheck,Chèque d'innovation,Innovation cheque,,,,Produktinnovation,innovation de produit,product innovation,69,type_1,"Anteil der Innovationsvorhaben, die folgende Innovationsarten verfolgen in %","Part des projets d'innovation qui suivent les types d'innovation suivants, en %.","Share of innovation projects that pursue the following types of innovation in %"
ISf_InnoArt_2,Förderung für Schweizer Innovationsprojekte,Innovationsscheck,Chèque d'innovation,Innovation cheque,,,,Prozessinnovation,innovation de processus,process innovation,31,type_2,"","",""
ISf_InnoArt_5,Förderung für Schweizer Innovationsprojekte,Innovationsscheck,Chèque d'innovation,Innovation cheque,,,,Soziale Innovation,innovation sociale,social innovation,10,type_2,"","",""
CCf_InnoArt_3,Begleitung von Start-ups,Start-up Core Coaching,Start-up Core Coaching,Start-up Core Coaching,,,,Dienstleistungsinnovation,innovation en matière de services,service innovation,30,type_1,"Anteil der Innovationsvorhaben, die folgende Innovationsarten verfolgen in %","Part des projets d'innovation qui suivent les types d'innovation suivants, en %.","Share of innovation projects that pursue the following types of innovation in %"
CCf_InnoArt_4,Begleitung von Start-ups,Start-up Core Coaching,Start-up Core Coaching,Start-up Core Coaching,,,,Geschäftsmodellinnovation,innovation de modèle d'entreprise,business model innovation,15,type_1,"Anteil der Innovationsvorhaben, die folgende Innovationsarten verfolgen in %","Part des projets d'innovation qui suivent les types d'innovation suivants, en %.","Share of innovation projects that pursue the following types of innovation in %"
CCf_InnoArt_1,Begleitung von Start-ups,Start-up Core Coaching,Start-up Core Coaching,Start-up Core Coaching,,,,Produktinnovation,innovation de produit,product innovation,89,type_1,"Anteil der Innovationsvorhaben, die folgende Innovationsarten verfolgen in %","Part des projets d'innovation qui suivent les types d'innovation suivants, en %.","Share of innovation projects that pursue the following types of innovation in %"
CCf_InnoArt_2,Begleitung von Start-ups,Start-up Core Coaching,Start-up Core Coaching,Start-up Core Coaching,,,,Prozessinnovation,innovation de processus,process innovation,26,type_2,"","",""
CCf_InnoArt_5,Begleitung von Start-ups,Start-up Core Coaching,Start-up Core Coaching,Start-up Core Coaching,,,,Soziale Innovation,innovation sociale,social innovation,8,type_2,"","",""
IPf_AusmassRadikalitaet_1,Förderung für Schweizer Innovationsprojekte,Innovationsprojekte mit Umsetzungspartner,Projets d'innovation avec PdM,Innovation projects with IP,,,,radikale,radicale,radical,23,inkr_radikal,"Anteil der klar inkrementellen oder radikalen Innovationsvorhaben, in %","Part des projets d'innovation clairement incrémentale ou radicale, en %.","Share of innovation projects that are clearly incremental or radical, in %"
ISf_AusmassRadikalitaet_1,Förderung für Schweizer Innovationsprojekte,Innovationsscheck,Chèque d'innovation,Innovation cheque,,,,radikale,radicale,radical,18,inkr_radikal,"Anteil der klar inkrementellen oder radikalen Innovationsvorhaben, in %","Part des projets d'innovation clairement incrémentale ou radicale, en %.","Share of innovation projects that are clearly incremental or radical, in %"
RPf_AusmassRadikalitaet_1,Förderung für Schweizer Innovationsprojekte,Innovationsprojekte ohne Umsetzungspartner,Projets d'innovation sans PdM,Innovation projects without IP,,,,radikale,radicale,radical,29,inkr_radikal,"Anteil der klar inkrementellen oder radikalen Innovationsvorhaben, in %","Part des projets d'innovation clairement incrémentale ou radicale, en %.","Share of innovation projects that are clearly incremental or radical, in %"
IBf_AusmassRadikalitaet_1,Starthilfe für Projekte und Vernetzung,Innovation Booster,Innovation Booster,Innovation Booster,,,,radikale,radicale,radical,37,inkr_radikal,"Anteil der klar inkrementellen oder radikalen Innovationsvorhaben, in %","Part des projets d'innovation clairement incrémentale ou radicale, en %.","Share of innovation projects that are clearly incremental or radical, in %"
IBf_AusmassRadikalitaet_2,Starthilfe für Projekte und Vernetzung,Innovation Booster,Innovation Booster,Innovation Booster,,,,inkrementelle,incrémentale,incremental,17,inkr_radikal,"Anteil der klar inkrementellen oder radikalen Innovationsvorhaben, in %","Part des projets d'innovation clairement incrémentale ou radicale, en %.","Share of innovation projects that are clearly incremental or radical, in %"
CCf_AusmassRadikalitaet_1,Begleitung von Start-ups,Start-up Core Coaching,Start-up Core Coaching,Start-up Core Coaching,,,,radikale,radicale,radical,55,inkr_radikal,"Anteil der klar inkrementellen oder radikalen Innovationsvorhaben, in %","Part des projets d'innovation clairement incrémentale ou radicale, en %.","Share of innovation projects that are clearly incremental or radical, in %"
IPf_AusmassDisruptivitaet_1,Förderung für Schweizer Innovationsprojekte,Innovationsprojekte mit Umsetzungspartner,Projets d'innovation avec PdM,Innovation projects with IP,,,,disruptive,disruptive,disruptive,33,disruptiv,"Anteil der klar disruptiven Innovationsvorhaben in %","Part des projets d'innovation clairement disruptifs, en %.","Share of innovation projects that are clearly disruptive in %"
ISf_AusmassDisruptivitaet_1,Förderung für Schweizer Innovationsprojekte,Innovationsscheck,Chèque d'innovation,Innovation cheque,,,,disruptive,disruptive,disruptive,31,disruptiv,"Anteil der klar disruptiven Innovationsvorhaben in %","Part des projets d'innovation clairement disruptifs, en %.","Share of innovation projects that are clearly disruptive in %"
CCf_AusmassDisruptivitaet_1,Begleitung von Start-ups,Start-up Core Coaching,Start-up Core Coaching,Start-up Core Coaching,,,,disruptive,disruptive,disruptive,62,disruptiv,"Anteil der klar disruptiven Innovationsvorhaben in %","Part des projets d'innovation clairement disruptifs, en %.","Share of innovation projects that are clearly disruptive in %"
IPf_AusmassRadikalitaet_2,Förderung für Schweizer Innovationsprojekte,Innovationsprojekte mit Umsetzungspartner,Projets d'innovation avec PdM,Innovation projects with IP,,,,inkrementelle,incrémentale,incremental,25,inkr_radikal,"Anteil der klar inkrementellen oder radikalen Innovationsvorhaben, in %","Part des projets d'innovation clairement incrémentale ou radicale, en %.","Share of innovation projects that are clearly incremental or radical, in %"
ISf_AusmassRadikalitaet_2,Förderung für Schweizer Innovationsprojekte,Innovationsscheck,Chèque d'innovation,Innovation cheque,,,,inkrementelle,incrémentale,incremental,26,inkr_radikal,"Anteil der klar inkrementellen oder radikalen Innovationsvorhaben, in %","Part des projets d'innovation clairement incrémentale ou radicale, en %.","Share of innovation projects that are clearly incremental or radical, in %"
RPf_AusmassRadikalitaet_2,Förderung für Schweizer Innovationsprojekte,Innovationsprojekte ohne Umsetzungspartner,Projets d'innovation sans PdM,Innovation projects without IP,,,,inkrementelle,incrémentale,incremental,10,inkr_radikal,"Anteil der klar inkrementellen oder radikalen Innovationsvorhaben, in %","Part des projets d'innovation clairement incrémentale ou radicale, en %.","Share of innovation projects that are clearly incremental or radical, in %"
CCf_AusmassRadikalitaet_2,Begleitung von Start-ups,Start-up Core Coaching,Start-up Core Coaching,Start-up Core Coaching,,,,inkrementelle,incrémentale,incremental,9,inkr_radikal,"Anteil der klar inkrementellen oder radikalen Innovationsvorhaben, in %","Part des projets d'innovation clairement incrémentale ou radicale, en %.","Share of innovation projects that are clearly incremental or radical, in %"
BDf_Nachhaltigkeit_2,Förderung für Schweizer Innovationsprojekte,BRIDGE Discovery,BRIDGE Discovery,BRIDGE Discovery,Forschende,chercheurs,researchers,ökologische Nachhaltigkeit,durabilité environnementale,environmental sustainability,39,nachhaltig,"Anteil der Innovationsvorhaben, die zur ökologischen oder sozialen Nachhaltigkeit beitragen in %","Part des projets d'innovation contribuant à la durabilité environnementale ou sociale en %.","Share of innovation projects that contribute to environmental or social sustainability in %."
BDf_Nachhaltigkeit_3,Förderung für Schweizer Innovationsprojekte,BRIDGE Discovery,BRIDGE Discovery,BRIDGE Discovery,Forschende,chercheurs,researchers,soziale Nachhaltigkeit,durabilité sociale,social sustainability,32,nachhaltig,"Anteil der Innovationsvorhaben, die zur ökologischen oder sozialen Nachhaltigkeit beitragen in %","Part des projets d'innovation contribuant à la durabilité environnementale ou sociale en %.","Share of innovation projects that contribute to environmental or social sustainability in %."
BDf_Nachhaltigkeit_1,Förderung für Schweizer Innovationsprojekte,BRIDGE Discovery,BRIDGE Discovery,BRIDGE Discovery,Forschende,chercheurs,researchers,Nachhaltigkeit,durabilité,sustainability,55,nachhaltig,"Anteil der Innovationsvorhaben, die zur ökologischen oder sozialen Nachhaltigkeit beitragen in %","Part des projets d'innovation contribuant à la durabilité environnementale ou sociale en %.","Share of innovation projects that contribute to environmental or social sustainability in %."
BDf_AusmassDigital_3,Förderung für Schweizer Innovationsprojekte,BRIDGE Discovery,BRIDGE Discovery,BRIDGE Discovery,Forschende,chercheurs,researchers,Digitale Geschäftsmodelle,modèles d'entreprise numériques,digital business models,32,digital,"Anteil der Innovationsvorhaben, die auf neuen digitalen Technologien oder Geschäftsmodellen basieren in %","Part des projets d'innovation basés sur de nouvelles technologies numériques ou de nouveaux modèles d'entreprise, en %.","Share of innovation projects based on new digital technologies or business models in %"
BDf_AusmassDigital_2,Förderung für Schweizer Innovationsprojekte,BRIDGE Discovery,BRIDGE Discovery,BRIDGE Discovery,Forschende,chercheurs,researchers,Digitale Technologien,technologies numériques,digital technologies,47,digital,"Anteil der Innovationsvorhaben, die auf neuen digitalen Technologien oder Geschäftsmodellen basieren in %","Part des projets d'innovation basés sur de nouvelles technologies numériques ou de nouveaux modèles d'entreprise, en %.","Share of innovation projects based on new digital technologies or business models in %"
BDf_AusmassDigital_1,Förderung für Schweizer Innovationsprojekte,BRIDGE Discovery,BRIDGE Discovery,BRIDGE Discovery,Forschende,chercheurs,researchers,Digitalisierung,numérisation,digitisation,53,digital,"Anteil der Innovationsvorhaben, die auf neuen digitalen Technologien oder Geschäftsmodellen basieren in %","Part des projets d'innovation basés sur de nouvelles technologies numériques ou de nouveaux modèles d'entreprise, en %.","Share of innovation projects based on new digital technologies or business models in %"
BDf_AusmassRadikalitaet_1,Förderung für Schweizer Innovationsprojekte,BRIDGE Discovery,BRIDGE Discovery,BRIDGE Discovery,,,,radikale,radicale,radical,50,inkr_radikal,"Anteil der klar inkrementellen oder radikalen Innovationsvorhaben, in %","Part des projets d'innovation clairement incrémentale ou radicale, en %.","Share of innovation projects that are clearly incremental or radical, in %"
BDf_AusmassRadikalitaet_2,Förderung für Schweizer Innovationsprojekte,BRIDGE Discovery,BRIDGE Discovery,BRIDGE Discovery,,,,inkrementelle,incrémentale,incremental,3,inkr_radikal,"Anteil der klar inkrementellen oder radikalen Innovationsvorhaben, in %","Part des projets d'innovation clairement incrémentale ou radicale, en %.","Share of innovation projects that are clearly incremental or radical, in %"
